{
    "adg": 0.004717586419756544,
    "adg_long": 0.0044211658371078235,
    "adg_short": NaN,
    "adg_weighted": 0.00923144182805071,
    "adg_weighted_long": 0.009091628468491032,
    "adg_weighted_short": NaN,
    "drawdown_max": 0.43214902450852666,
    "drawdown_mean_daily": 0.031871133952481964,
    "drawdown_mean_daily_10_worst": 0.2996235525560262,
    "eqbal_ratio_mean": 0.9877433093830268,
    "eqbal_ratio_min": 0.5841353742586626,
    "final_balance": 8090.329332554826,
    "final_equity": 8132.159712850699,
    "individual_analyses": {
        "AGIXUSDT": {
            "loss_profit_ratio_long": 0.18368447647462183,
            "loss_profit_ratio_short": 1.0,
            "n_fills_per_day": 19.538653366583542,
            "pnl_long": 981.8440991517665,
            "pnl_ratio": 0.12166704701738781,
            "pnl_ratio_long_short": 1.0,
            "pnl_short": 0.0,
            "stuck_time_ratio_long": 0.015273520702374149,
            "stuck_time_ratio_short": 0.0,
            "sum_loss_long": -220.93114014728408,
            "sum_loss_short": 0.0,
            "sum_profit_long": 1202.7752392990506,
            "sum_profit_short": 0.0,
            "upnl_pct_min_long": -0.06479702835664615,
            "upnl_pct_min_short": NaN
        },
        "FETUSDT": {
            "loss_profit_ratio_long": 0.22019538996919782,
            "loss_profit_ratio_short": 1.0,
            "n_fills_per_day": 18.28428927680798,
            "pnl_long": 1983.6335176032262,
            "pnl_ratio": 0.2458056555618134,
            "pnl_ratio_long_short": 1.0,
            "pnl_short": 0.0,
            "stuck_time_ratio_long": 0.016364486466829444,
            "stuck_time_ratio_short": 0.0,
            "sum_loss_long": -560.1235878143386,
            "sum_loss_short": 0.0,
            "sum_profit_long": 2543.757105417565,
            "sum_profit_short": 0.0,
            "upnl_pct_min_long": -0.05549958834635076,
            "upnl_pct_min_short": NaN
        },
        "GRTUSDT": {
            "loss_profit_ratio_long": 0.27124753786728206,
            "loss_profit_ratio_short": 1.0,
            "n_fills_per_day": 14.763092269326684,
            "pnl_long": 778.0048768463433,
            "pnl_ratio": 0.09640792872595304,
            "pnl_ratio_long_short": 1.0,
            "pnl_short": 0.0,
            "stuck_time_ratio_long": 0.0017663255234038131,
            "stuck_time_ratio_short": 0.0,
            "sum_loss_long": -289.57968344383613,
            "sum_loss_short": 0.0,
            "sum_profit_long": 1067.5845602901795,
            "sum_profit_short": 0.0,
            "upnl_pct_min_long": -0.07663936224643535,
            "upnl_pct_min_short": NaN
        },
        "INJUSDT": {
            "loss_profit_ratio_long": 0.19928872336325204,
            "loss_profit_ratio_short": 1.0,
            "n_fills_per_day": 13.036159600997506,
            "pnl_long": 1545.7685621174892,
            "pnl_ratio": 0.19154680105286057,
            "pnl_ratio_long_short": 1.0,
            "pnl_short": 0.0,
            "stuck_time_ratio_long": 0.08208218608758897,
            "stuck_time_ratio_short": 0.0,
            "sum_loss_long": -384.72574615581016,
            "sum_loss_short": 0.0,
            "sum_profit_long": 1930.4943082732993,
            "sum_profit_short": 0.0,
            "upnl_pct_min_long": -0.1475401413159987,
            "upnl_pct_min_short": NaN
        },
        "LDOUSDT": {
            "loss_profit_ratio_long": 0.3472108425078467,
            "loss_profit_ratio_short": 1.0,
            "n_fills_per_day": 17.679551122194514,
            "pnl_long": 976.9730533150049,
            "pnl_ratio": 0.12106344226653468,
            "pnl_ratio_long_short": 1.0,
            "pnl_short": 0.0,
            "stuck_time_ratio_long": 0.02763779936620084,
            "stuck_time_ratio_short": 0.0,
            "sum_loss_long": -519.6404276261952,
            "sum_loss_short": 0.0,
            "sum_profit_long": 1496.6134809412001,
            "sum_profit_short": 0.0,
            "upnl_pct_min_long": -0.13770301258852322,
            "upnl_pct_min_short": NaN
        },
        "OPUSDT": {
            "loss_profit_ratio_long": 0.30236359422394726,
            "loss_profit_ratio_short": 1.0,
            "n_fills_per_day": 10.054862842892769,
            "pnl_long": 543.2796116511786,
            "pnl_ratio": 0.06732150869110126,
            "pnl_ratio_long_short": 1.0,
            "pnl_short": 0.0,
            "stuck_time_ratio_long": 0.0003117045041300847,
            "stuck_time_ratio_short": 0.0,
            "sum_loss_long": -235.46359491475852,
            "sum_loss_short": 0.0,
            "sum_profit_long": 778.743206565937,
            "sum_profit_short": 0.0,
            "upnl_pct_min_long": -0.056638370432168836,
            "upnl_pct_min_short": NaN
        },
        "RNDRUSDT": {
            "loss_profit_ratio_long": 0.15278901415972385,
            "loss_profit_ratio_short": 1.0,
            "n_fills_per_day": 14.99002493765586,
            "pnl_long": 740.745438157071,
            "pnl_ratio": 0.09179085572753554,
            "pnl_ratio_long_short": 1.0,
            "pnl_short": 0.0,
            "stuck_time_ratio_long": 0.0005714582575718219,
            "stuck_time_ratio_short": 0.0,
            "sum_loss_long": -133.5886421811212,
            "sum_loss_short": 0.0,
            "sum_profit_long": 874.3340803381924,
            "sum_profit_short": 0.0,
            "upnl_pct_min_long": -0.08239597018695297,
            "upnl_pct_min_short": NaN
        },
        "SHIB1000USDT": {
            "loss_profit_ratio_long": 0.10669967481501562,
            "loss_profit_ratio_short": 1.0,
            "n_fills_per_day": 12.9214463840399,
            "pnl_long": 519.6771130715315,
            "pnl_ratio": 0.0643967609568137,
            "pnl_ratio_long_short": 1.0,
            "pnl_short": 0.0,
            "stuck_time_ratio_long": 0.0,
            "stuck_time_ratio_short": 0.0,
            "sum_loss_long": -62.0724938861475,
            "sum_loss_short": 0.0,
            "sum_profit_long": 581.749606957679,
            "sum_profit_short": 0.0,
            "upnl_pct_min_long": -0.06902418971147616,
            "upnl_pct_min_short": NaN
        }
    },
    "loss_profit_ratio_long": 0.22967864332651317,
    "loss_profit_ratio_short": 1.0,
    "n_days": 802.0,
    "n_fills_per_day": 121.26807980049875,
    "pnl_long": 8069.926271913611,
    "pnl_ratio_long_short": 1.0,
    "pnl_short": 0.0,
    "pnl_sum": 8069.926271913611,
    "shape_ratio_daily": 0.17084538562756957,
    "starting_balance": 250.0,
    "stuck_time_ratio_any": 0.10520027014390358,
    "stuck_time_ratio_long": 0.10520027014390358,
    "stuck_time_ratio_short": 0.0,
    "sum_loss_long": -2406.1253161694913,
    "sum_loss_short": 0.0,
    "sum_profit_long": 10476.051588083104,
    "sum_profit_short": 0.0
}