{"config_name": "recursive_grid_safe_symbols_1153days",
 "logging_level": 0,
 "long": {"auto_unstuck_delay_minutes": 0.0,
          "auto_unstuck_ema_dist": 0.0,
          "auto_unstuck_qty_pct": 0.0,
          "auto_unstuck_wallet_exposure_threshold": 0.0,
          "backwards_tp": true,
          "ddown_factor": 0.1946930139398131,
          "ema_span_0": 180.17438119912268,
          "ema_span_1": 151.7487180711004,
          "enabled": true,
          "initial_eprice_ema_dist": -0.0624700030586929,
          "initial_qty_pct": 0.014367355212644078,
          "markup_range": 0.02928586581024847,
          "min_markup": 0.0029239522589109648,
          "n_close_orders": 8.83951830372364,
          "rentry_pprice_dist": 0.019657582204226955,
          "rentry_pprice_dist_wallet_exposure_weighting": 11.334538174323162,
          "wallet_exposure_limit": 0.375},
 "short": {"auto_unstuck_delay_minutes": 83.03575854371327,
           "auto_unstuck_ema_dist": 0.02070992686754985,
           "auto_unstuck_qty_pct": 0.04547782969331997,
           "auto_unstuck_wallet_exposure_threshold": 0.03292423821468231,
           "backwards_tp": true,
           "ddown_factor": 0.8504092654731205,
           "ema_span_0": 175.89135001748886,
           "ema_span_1": 367.16020805877565,
           "enabled": false,
           "initial_eprice_ema_dist": -0.004661188094902233,
           "initial_qty_pct": 0.009351757488115738,
           "markup_range": 0.006814747938748663,
           "min_markup": 0.006321383129151609,
           "n_close_orders": 5,
           "rentry_pprice_dist": 0.00564804294225538,
           "rentry_pprice_dist_wallet_exposure_weighting": 0.5157087533186726,
           "wallet_exposure_limit": 1.2571806331271227}}
