{"config_name": "recursive_grid_safe_symbols_1153days",
 "logging_level": 0,
 "long": {"auto_unstuck_delay_minutes": 0.0,
          "auto_unstuck_ema_dist": 0.0,
          "auto_unstuck_qty_pct": 0.0,
          "auto_unstuck_wallet_exposure_threshold": 0.0,
          "backwards_tp": true,
          "ddown_factor": 0.0316821813056627,
          "ema_span_0": 109.4983491580587,
          "ema_span_1": 229.94538199201045,
          "enabled": true,
          "initial_eprice_ema_dist": -0.014900950275659294,
          "initial_qty_pct": 0.0061903546802116955,
          "markup_range": 0.04633589215103588,
          "min_markup": 0.002807758991027832,
          "n_close_orders": 7.122908080735806,
          "rentry_pprice_dist": 0.019620680780234014,
          "rentry_pprice_dist_wallet_exposure_weighting": 11.2755091929029,
          "wallet_exposure_limit": 0.375},
 "short": {"auto_unstuck_delay_minutes": 83.03575854371327,
           "auto_unstuck_ema_dist": 0.02070992686754985,
           "auto_unstuck_qty_pct": 0.04547782969331997,
           "auto_unstuck_wallet_exposure_threshold": 0.03292423821468231,
           "backwards_tp": true,
           "ddown_factor": 0.8504092654731205,
           "ema_span_0": 175.89135001748886,
           "ema_span_1": 367.16020805877565,
           "enabled": false,
           "initial_eprice_ema_dist": -0.004661188094902233,
           "initial_qty_pct": 0.009351757488115738,
           "markup_range": 0.006814747938748663,
           "min_markup": 0.006321383129151609,
           "n_close_orders": 5,
           "rentry_pprice_dist": 0.00564804294225538,
           "rentry_pprice_dist_wallet_exposure_weighting": 0.5157087533186726,
           "wallet_exposure_limit": 1.2571806331271227}}
