{
    "adg": 0.002399143296143837,
    "adg_long": 0.0023787697612968157,
    "adg_short": NaN,
    "adg_weighted": 0.004114967005576989,
    "adg_weighted_long": 0.004083904540256167,
    "adg_weighted_short": NaN,
    "drawdown_max": 0.2962577162702561,
    "drawdown_mean_daily": 0.013575027610523262,
    "drawdown_mean_daily_10_worst": 0.20152885913034257,
    "eqbal_ratio_mean": 0.998349664736452,
    "eqbal_ratio_min": 0.7555974849979976,
    "final_balance": 1270.8521387815047,
    "final_equity": 1271.4584587815048,
    "individual_analyses": {
        "AGIXUSDT": {
            "loss_profit_ratio_long": 0.2053490034529777,
            "loss_profit_ratio_short": 1.0,
            "n_fills_per_day": 3.037593984962406,
            "pnl_long": 122.88628357663654,
            "pnl_ratio": 0.11019413677221188,
            "pnl_ratio_long_short": 1.0,
            "pnl_short": 0.0,
            "stuck_time_ratio_long": 0.0009920116952957761,
            "stuck_time_ratio_short": 0.0,
            "sum_loss_long": -31.75554549123266,
            "sum_loss_short": 0.0,
            "sum_profit_long": 154.6418290678692,
            "sum_profit_short": 0.0,
            "upnl_pct_min_long": -0.05124178048137865,
            "upnl_pct_min_short": NaN
        },
        "DOGEUSDT": {
            "loss_profit_ratio_long": 0.1782092812532588,
            "loss_profit_ratio_short": 1.0,
            "n_fills_per_day": 4.2180451127819545,
            "pnl_long": 127.92448222550789,
            "pnl_ratio": 0.11471197175623653,
            "pnl_ratio_long_short": 1.0,
            "pnl_short": 0.0,
            "stuck_time_ratio_long": 0.000730955986007414,
            "stuck_time_ratio_short": 0.0,
            "sum_loss_long": -27.74104101208364,
            "sum_loss_short": 0.0,
            "sum_profit_long": 155.66552323759151,
            "sum_profit_short": 0.0,
            "upnl_pct_min_long": -0.049999521771267,
            "upnl_pct_min_short": NaN
        },
        "FETUSDT": {
            "loss_profit_ratio_long": 0.1947778868493137,
            "loss_profit_ratio_short": 1.0,
            "n_fills_per_day": 3.2581453634085213,
            "pnl_long": 125.62727898085916,
            "pnl_ratio": 0.11265203210173046,
            "pnl_ratio_long_short": 1.0,
            "pnl_short": 0.0,
            "stuck_time_ratio_long": 0.0,
            "stuck_time_ratio_short": 0.0,
            "sum_loss_long": -30.38840529947273,
            "sum_loss_short": 0.0,
            "sum_profit_long": 156.01568428033187,
            "sum_profit_short": 0.0,
            "upnl_pct_min_long": -0.021583462760378296,
            "upnl_pct_min_short": NaN
        },
        "GRTUSDT": {
            "loss_profit_ratio_long": 0.3219872573006945,
            "loss_profit_ratio_short": 1.0,
            "n_fills_per_day": 5.959899749373434,
            "pnl_long": 118.33047067529034,
            "pnl_ratio": 0.1061088649636095,
            "pnl_ratio_long_short": 1.0,
            "pnl_short": 0.0,
            "stuck_time_ratio_long": 0.0007831671278650864,
            "stuck_time_ratio_short": 0.0,
            "sum_loss_long": -56.194967009247655,
            "sum_loss_short": 0.0,
            "sum_profit_long": 174.525437684538,
            "sum_profit_short": 0.0,
            "upnl_pct_min_long": -0.08736649287818608,
            "upnl_pct_min_short": NaN
        },
        "LDOUSDT": {
            "loss_profit_ratio_long": 0.33459567574690646,
            "loss_profit_ratio_short": 1.0,
            "n_fills_per_day": 4.74937343358396,
            "pnl_long": 137.75217964790548,
            "pnl_ratio": 0.12352462848569341,
            "pnl_ratio_long_short": 1.0,
            "pnl_short": 0.0,
            "stuck_time_ratio_long": 0.00031326685114603454,
            "stuck_time_ratio_short": 0.0,
            "sum_loss_long": -69.26808551573055,
            "sum_loss_short": 0.0,
            "sum_profit_long": 207.020265163636,
            "sum_profit_short": 0.0,
            "upnl_pct_min_long": -0.06688268042586187,
            "upnl_pct_min_short": NaN
        },
        "OPUSDT": {
            "loss_profit_ratio_long": 0.31585793062017403,
            "loss_profit_ratio_short": 1.0,
            "n_fills_per_day": 5.780701754385965,
            "pnl_long": 133.11471227181852,
            "pnl_ratio": 0.11936613577646843,
            "pnl_ratio_long_short": 1.0,
            "pnl_short": 0.0,
            "stuck_time_ratio_long": 0.0019318122487338798,
            "stuck_time_ratio_short": 0.0,
            "sum_loss_long": -61.45702688827562,
            "sum_loss_short": 0.0,
            "sum_profit_long": 194.57173916009415,
            "sum_profit_short": 0.0,
            "upnl_pct_min_long": -0.06553126302214247,
            "upnl_pct_min_short": NaN
        },
        "RNDRUSDT": {
            "loss_profit_ratio_long": 0.2736000889327943,
            "loss_profit_ratio_short": 1.0,
            "n_fills_per_day": 8.041353383458647,
            "pnl_long": 196.72769859669134,
            "pnl_ratio": 0.17640893918422482,
            "pnl_ratio_long_short": 1.0,
            "pnl_short": 0.0,
            "stuck_time_ratio_long": 0.0005221114185767243,
            "stuck_time_ratio_short": 0.0,
            "sum_loss_long": -74.09791082231959,
            "sum_loss_short": 0.0,
            "sum_profit_long": 270.8256094190109,
            "sum_profit_short": 0.0,
            "upnl_pct_min_long": -0.0712350904678437,
            "upnl_pct_min_short": NaN
        },
        "SHIB1000USDT": {
            "loss_profit_ratio_long": 0.127113126067543,
            "loss_profit_ratio_short": 1.0,
            "n_fills_per_day": 4.56390977443609,
            "pnl_long": 152.81676816561156,
            "pnl_ratio": 0.13703329095982494,
            "pnl_ratio_long_short": 1.0,
            "pnl_short": 0.0,
            "stuck_time_ratio_long": 0.0004176891348613794,
            "stuck_time_ratio_short": 0.0,
            "sum_loss_long": -22.253762425774497,
            "sum_loss_short": 0.0,
            "sum_profit_long": 175.07053059138605,
            "sum_profit_short": 0.0,
            "upnl_pct_min_long": -0.04993906574893391,
            "upnl_pct_min_short": NaN
        }
    },
    "loss_profit_ratio_long": 0.2507206634571877,
    "loss_profit_ratio_short": 1.0,
    "n_days": 798.0,
    "n_fills_per_day": 39.609022556390975,
    "pnl_long": 1115.1798741403209,
    "pnl_ratio_long_short": 1.0,
    "pnl_short": 0.0,
    "pnl_sum": 1115.1798741403209,
    "shape_ratio_daily": 0.1878133040970978,
    "starting_balance": 200.0,
    "stuck_time_ratio_any": 0.004333524774186811,
    "stuck_time_ratio_long": 0.004333524774186811,
    "stuck_time_ratio_short": 0.0,
    "sum_loss_long": -373.1567444641369,
    "sum_loss_short": 0.0,
    "sum_profit_long": 1488.3366186044577,
    "sum_profit_short": 0.0
}