{
    "adg": 0.0012650991466872745,
    "adg_long": 0.0012659273389734004,
    "adg_short": NaN,
    "adg_weighted": 0.0014689412638150912,
    "adg_weighted_long": 0.0014726537313716837,
    "adg_weighted_short": NaN,
    "drawdown_max": 0.12648426744294025,
    "drawdown_mean_daily": 0.010705363434640602,
    "drawdown_mean_daily_10_worst": 0.09795433071228159,
    "eqbal_ratio_mean": 0.99175172892774,
    "eqbal_ratio_min": 0.8688493579884513,
    "final_balance": 658.5382360124357,
    "final_equity": 658.5389330124357,
    "individual_analyses": {
        "AGIXUSDT": {
            "loss_profit_ratio_long": 0.0,
            "loss_profit_ratio_short": 1.0,
            "n_fills_per_day": 3.650252525252525,
            "pnl_long": 42.0303500000001,
            "pnl_ratio": 0.09750195623512746,
            "pnl_ratio_long_short": 1.0,
            "pnl_short": 0.0,
            "stuck_time_ratio_long": 0.0,
            "stuck_time_ratio_short": 0.0,
            "sum_loss_long": 0.0,
            "sum_loss_short": 0.0,
            "sum_profit_long": 42.0303500000001,
            "sum_profit_short": 0.0,
            "upnl_pct_min_long": -0.029099058761562116,
            "upnl_pct_min_short": NaN
        },
        "DOGEUSDT": {
            "loss_profit_ratio_long": 0.0,
            "loss_profit_ratio_short": 1.0,
            "n_fills_per_day": 3.9305555555555554,
            "pnl_long": 36.03842000000009,
            "pnl_ratio": 0.08360188410572698,
            "pnl_ratio_long_short": 1.0,
            "pnl_short": 0.0,
            "stuck_time_ratio_long": 0.0,
            "stuck_time_ratio_short": 0.0,
            "sum_loss_long": 0.0,
            "sum_loss_short": 0.0,
            "sum_profit_long": 36.03842000000009,
            "sum_profit_short": 0.0,
            "upnl_pct_min_long": -0.036398705106157364,
            "upnl_pct_min_short": NaN
        },
        "FETUSDT": {
            "loss_profit_ratio_long": 0.0,
            "loss_profit_ratio_short": 1.0,
            "n_fills_per_day": 4.018939393939394,
            "pnl_long": 45.14685000000005,
            "pnl_ratio": 0.10473160925031218,
            "pnl_ratio_long_short": 1.0,
            "pnl_short": 0.0,
            "stuck_time_ratio_long": 0.0,
            "stuck_time_ratio_short": 0.0,
            "sum_loss_long": 0.0,
            "sum_loss_short": 0.0,
            "sum_profit_long": 45.14685000000004,
            "sum_profit_short": 0.0,
            "upnl_pct_min_long": -0.014747934021542081,
            "upnl_pct_min_short": NaN
        },
        "GRTUSDT": {
            "loss_profit_ratio_long": 0.0,
            "loss_profit_ratio_short": 1.0,
            "n_fills_per_day": 6.583333333333333,
            "pnl_long": 60.037638,
            "pnl_ratio": 0.1392752416464867,
            "pnl_ratio_long_short": 1.0,
            "pnl_short": 0.0,
            "stuck_time_ratio_long": 0.0,
            "stuck_time_ratio_short": 0.0,
            "sum_loss_long": 0.0,
            "sum_loss_short": 0.0,
            "sum_profit_long": 60.037637999999994,
            "sum_profit_short": 0.0,
            "upnl_pct_min_long": -0.02969371222813886,
            "upnl_pct_min_short": NaN
        },
        "LDOUSDT": {
            "loss_profit_ratio_long": 0.0,
            "loss_profit_ratio_short": 1.0,
            "n_fills_per_day": 4.877525252525253,
            "pnl_long": 50.995949999999894,
            "pnl_ratio": 0.11830034451458829,
            "pnl_ratio_long_short": 1.0,
            "pnl_short": 0.0,
            "stuck_time_ratio_long": 0.0,
            "stuck_time_ratio_short": 0.0,
            "sum_loss_long": 0.0,
            "sum_loss_short": 0.0,
            "sum_profit_long": 50.9959499999999,
            "sum_profit_short": 0.0,
            "upnl_pct_min_long": -0.03796872270375296,
            "upnl_pct_min_short": NaN
        },
        "OPUSDT": {
            "loss_profit_ratio_long": 0.0,
            "loss_profit_ratio_short": 1.0,
            "n_fills_per_day": 7.460858585858586,
            "pnl_long": 68.43164999999993,
            "pnl_ratio": 0.15874766075936883,
            "pnl_ratio_long_short": 1.0,
            "pnl_short": 0.0,
            "stuck_time_ratio_long": 0.0,
            "stuck_time_ratio_short": 0.0,
            "sum_loss_long": 0.0,
            "sum_loss_short": 0.0,
            "sum_profit_long": 68.43164999999992,
            "sum_profit_short": 0.0,
            "upnl_pct_min_long": -0.036157688666179764,
            "upnl_pct_min_short": NaN
        },
        "RNDRUSDT": {
            "loss_profit_ratio_long": 0.0,
            "loss_profit_ratio_short": 1.0,
            "n_fills_per_day": 8.901515151515152,
            "pnl_long": 82.1653258161808,
            "pnl_ratio": 0.19060702567963936,
            "pnl_ratio_long_short": 1.0,
            "pnl_short": 0.0,
            "stuck_time_ratio_long": 0.0002104266400126256,
            "stuck_time_ratio_short": 0.0,
            "sum_loss_long": 0.0,
            "sum_loss_short": 0.0,
            "sum_profit_long": 82.16532581618077,
            "sum_profit_short": 0.0,
            "upnl_pct_min_long": -0.04113035029775608,
            "upnl_pct_min_short": NaN
        },
        "SHIB1000USDT": {
            "loss_profit_ratio_long": 0.0,
            "loss_profit_ratio_short": 1.0,
            "n_fills_per_day": 5.507575757575758,
            "pnl_long": 46.2256800000001,
            "pnl_ratio": 0.10723427780875024,
            "pnl_ratio_long_short": 1.0,
            "pnl_short": 0.0,
            "stuck_time_ratio_long": 0.0,
            "stuck_time_ratio_short": 0.0,
            "sum_loss_long": 0.0,
            "sum_loss_short": 0.0,
            "sum_profit_long": 46.2256800000001,
            "sum_profit_short": 0.0,
            "upnl_pct_min_long": -0.02471282519849892,
            "upnl_pct_min_short": NaN
        }
    },
    "loss_profit_ratio_long": 0.0,
    "loss_profit_ratio_short": 1.0,
    "n_days": 792.0,
    "n_fills_per_day": 44.93055555555556,
    "pnl_long": 431.07186381618095,
    "pnl_ratio_long_short": 1.0,
    "pnl_short": 0.0,
    "pnl_sum": 431.07186381618095,
    "shape_ratio_daily": 0.13686946424633223,
    "starting_balance": 250.0,
    "stuck_time_ratio_any": 0.0002104266400126256,
    "stuck_time_ratio_long": 0.0002104266400126256,
    "stuck_time_ratio_short": 0.0,
    "sum_loss_long": 0.0,
    "sum_loss_short": 0.0,
    "sum_profit_long": 431.07186381618095,
    "sum_profit_short": 0.0
}