{"config_name": "recursive_grid_1_symbols_788days",
 "logging_level": 0,
 "long": {"auto_unstuck_delay_minutes": 775.4756904169038,
          "auto_unstuck_ema_dist": -0.025010841362776953,
          "auto_unstuck_qty_pct": -0.0022994587018902606,
          "auto_unstuck_wallet_exposure_threshold": 0.037427375253993166,
          "backwards_tp": true,
          "ddown_factor": 0.3476013101288955,
          "ema_span_0": 292.1187518838824,
          "ema_span_1": 280.91242382243047,
          "enabled": true,
          "initial_eprice_ema_dist": -0.013463093560134247,
          "initial_qty_pct": 0.02,
          "markup_range": 0.005398256850690027,
          "min_markup": 0.004734972273702953,
          "n_close_orders": 4,
          "rentry_pprice_dist": 0.011245316871334902,
          "rentry_pprice_dist_wallet_exposure_weighting": 6.243211573874083,
          "wallet_exposure_limit": 0.3748848218876938},
 "short": {"auto_unstuck_delay_minutes": 117.03428316664429,
           "auto_unstuck_ema_dist": 0.017699371488238618,
           "auto_unstuck_qty_pct": 0.0377330523785526,
           "auto_unstuck_wallet_exposure_threshold": 0.04789623254446213,
           "backwards_tp": true,
           "ddown_factor": 2.401571289760655,
           "ema_span_0": 49.31193082440176,
           "ema_span_1": 251.58385703877295,
           "enabled": false,
           "initial_eprice_ema_dist": -0.0027705671224218034,
           "initial_qty_pct": 0.010260933991399131,
           "markup_range": 0.007368321307516928,
           "min_markup": 0.005758377270631353,
           "n_close_orders": 13,
           "rentry_pprice_dist": 0.0016466170146844916,
           "rentry_pprice_dist_wallet_exposure_weighting": 2.995216351506094,
           "wallet_exposure_limit": 1.780288408613939}}