{"config_name": "recursive_grid_1_symbols_788days",
 "logging_level": 0,
 "long": {"auto_unstuck_delay_minutes": 598.1874341603256,
          "auto_unstuck_ema_dist": -0.027761805463885694,
          "auto_unstuck_qty_pct": -0.03694426134206065,
          "auto_unstuck_wallet_exposure_threshold": 0.04044168369091833,
          "backwards_tp": true,
          "ddown_factor": 0.1,
          "ema_span_0": 143.4150489821485,
          "ema_span_1": 179.7168498035749,
          "enabled": true,
          "initial_eprice_ema_dist": -0.061116639404568913,
          "initial_qty_pct": 0.027729611561179836,
          "markup_range": 0.005542399282513911,
          "min_markup": 0.0037661777652713063,
          "n_close_orders": 5,
          "rentry_pprice_dist": 0.008845138657519888,
          "rentry_pprice_dist_wallet_exposure_weighting": 6.354516467451692,
          "wallet_exposure_limit": 0.31842086492282595},
 "short": {"auto_unstuck_delay_minutes": 222.17632166366656,
           "auto_unstuck_ema_dist": 0.027353495348880923,
           "auto_unstuck_qty_pct": 0.02018775683432512,
           "auto_unstuck_wallet_exposure_threshold": 0.038380258726183863,
           "backwards_tp": true,
           "ddown_factor": 2.790742591748158,
           "ema_span_0": 164.6472952850885,
           "ema_span_1": 492.0424042666929,
           "enabled": false,
           "initial_eprice_ema_dist": -0.003164124887200307,
           "initial_qty_pct": 0.017557146923422418,
           "markup_range": 0.0018728025882595244,
           "min_markup": 0.006055776558677326,
           "n_close_orders": 7,
           "rentry_pprice_dist": 0.0017631694217081998,
           "rentry_pprice_dist_wallet_exposure_weighting": 4.9629279668577775,
           "wallet_exposure_limit": 1.0082139881710432}}