{"config_name": "recursive_grid_1_symbols_788days",
 "logging_level": 0,
 "long": {"auto_unstuck_delay_minutes": 736.709162614665,
          "auto_unstuck_ema_dist": -0.003517045311463721,
          "auto_unstuck_qty_pct": -0.02496112587697102,
          "auto_unstuck_wallet_exposure_threshold": 0.03987810913784204,
          "backwards_tp": true,
          "ddown_factor": 1.0104543686953078,
          "ema_span_0": 473.4813516356319,
          "ema_span_1": 358.0154969717902,
          "enabled": true,
          "initial_eprice_ema_dist": 0.003,
          "initial_qty_pct": 0.02,
          "markup_range": 0.0023993654696719113,
          "min_markup": 0.004044718514097034,
          "n_close_orders": 3,
          "rentry_pprice_dist": 0.01451809466542528,
          "rentry_pprice_dist_wallet_exposure_weighting": 6.014957135659185,
          "wallet_exposure_limit": 0.3},
 "short": {"auto_unstuck_delay_minutes": 228.95465412808076,
           "auto_unstuck_ema_dist": 0.008597520373347933,
           "auto_unstuck_qty_pct": 0.046335355413814505,
           "auto_unstuck_wallet_exposure_threshold": 0.0017341328224463708,
           "backwards_tp": true,
           "ddown_factor": 0.8846057675884559,
           "ema_span_0": 56.62857085090929,
           "ema_span_1": 143.60620988631769,
           "enabled": false,
           "initial_eprice_ema_dist": -0.005297703409792778,
           "initial_qty_pct": 0.015134353047799531,
           "markup_range": 0.0004585220331151585,
           "min_markup": 0.007094256116888867,
           "n_close_orders": 11,
           "rentry_pprice_dist": 0.004545537617680591,
           "rentry_pprice_dist_wallet_exposure_weighting": 4.47614954455144,
           "wallet_exposure_limit": 1.471272205813047}}