{"config_name": "recursive_grid_1_symbols_788days",
 "logging_level": 0,
 "long": {"auto_unstuck_delay_minutes": 1279.7720361999322,
          "auto_unstuck_ema_dist": -0.03321799044030352,
          "auto_unstuck_qty_pct": -0.04520108386945068,
          "auto_unstuck_wallet_exposure_threshold": 0.048588518280623556,
          "backwards_tp": true,
          "ddown_factor": 0.9814805806636517,
          "ema_span_0": 318.28218766789655,
          "ema_span_1": 451.6799965789369,
          "enabled": true,
          "initial_eprice_ema_dist": -0.01060959089140366,
          "initial_qty_pct": 0.02,
          "markup_range": 0.008911840209644492,
          "min_markup": 0.005486602988371306,
          "n_close_orders": 3,
          "rentry_pprice_dist": 0.01201746093761983,
          "rentry_pprice_dist_wallet_exposure_weighting": 6.303573521139583,
          "wallet_exposure_limit": 0.3},
 "short": {"auto_unstuck_delay_minutes": 185.78180435500525,
           "auto_unstuck_ema_dist": 0.032989736571361984,
           "auto_unstuck_qty_pct": 0.013406028569194348,
           "auto_unstuck_wallet_exposure_threshold": 0.0026380788675497945,
           "backwards_tp": true,
           "ddown_factor": 0.6358930275378182,
           "ema_span_0": 75.79444210195562,
           "ema_span_1": 458.92806879111544,
           "enabled": false,
           "initial_eprice_ema_dist": -0.00422543780896365,
           "initial_qty_pct": 0.017309463291618914,
           "markup_range": 0.0038637417076659497,
           "min_markup": 0.0020744039549244393,
           "n_close_orders": 14,
           "rentry_pprice_dist": 0.0012137919329020678,
           "rentry_pprice_dist_wallet_exposure_weighting": 4.825702339539537,
           "wallet_exposure_limit": 1.303235464068077}}