{"config_name": "recursive_grid_1_symbols_788days",
 "logging_level": 0,
 "long": {"auto_unstuck_delay_minutes": 1092.2331051906633,
          "auto_unstuck_ema_dist": -0.02562486359402445,
          "auto_unstuck_qty_pct": -0.04627582765798652,
          "auto_unstuck_wallet_exposure_threshold": 0.037328814100684025,
          "backwards_tp": true,
          "ddown_factor": 2.040334929145368,
          "ema_span_0": 129.58398759010203,
          "ema_span_1": 382.46321650539664,
          "enabled": true,
          "initial_eprice_ema_dist": 0.002763652801289502,
          "initial_qty_pct": 0.022699610926096646,
          "markup_range": 0.001715949699947424,
          "min_markup": 0.004484648143165742,
          "n_close_orders": 6,
          "rentry_pprice_dist": 0.011869403837235306,
          "rentry_pprice_dist_wallet_exposure_weighting": 6.423799997297951,
          "wallet_exposure_limit": 0.31250287182787845},
 "short": {"auto_unstuck_delay_minutes": 92.83774542061019,
           "auto_unstuck_ema_dist": 0.006250655116599234,
           "auto_unstuck_qty_pct": 0.014533829581220629,
           "auto_unstuck_wallet_exposure_threshold": 0.04620870136537034,
           "backwards_tp": true,
           "ddown_factor": 2.374412121705209,
           "ema_span_0": 396.2404104736483,
           "ema_span_1": 222.03927001354788,
           "enabled": false,
           "initial_eprice_ema_dist": -0.009279913242610703,
           "initial_qty_pct": 0.010002467367275298,
           "markup_range": 0.008361723229158654,
           "min_markup": 0.0019093620220007762,
           "n_close_orders": 16,
           "rentry_pprice_dist": 0.0045591548316570914,
           "rentry_pprice_dist_wallet_exposure_weighting": 0.734112620743279,
           "wallet_exposure_limit": 1.7895147450446114}}