{"config_name": "recursive_grid_1_symbols_788days",
 "logging_level": 0,
 "long": {"auto_unstuck_delay_minutes": 613.8803441889946,
          "auto_unstuck_ema_dist": -0.0022695604264431992,
          "auto_unstuck_qty_pct": 0.0237018072784986,
          "auto_unstuck_wallet_exposure_threshold": 0.03921499417855558,
          "backwards_tp": true,
          "ddown_factor": 0.3375147296666803,
          "ema_span_0": 421.9433984158722,
          "ema_span_1": 479.8198186739466,
          "enabled": true,
          "initial_eprice_ema_dist": 0.0021039316745495515,
          "initial_qty_pct": 0.02477129859202387,
          "markup_range": 0.007472863576840365,
          "min_markup": 0.002138827131219164,
          "n_close_orders": 6,
          "rentry_pprice_dist": 0.017760501454476964,
          "rentry_pprice_dist_wallet_exposure_weighting": 6.110172837908277,
          "wallet_exposure_limit": 0.3651652999867473},
 "short": {"auto_unstuck_delay_minutes": 119.75398334288354,
           "auto_unstuck_ema_dist": 0.0067493091538718426,
           "auto_unstuck_qty_pct": 0.005564460658757637,
           "auto_unstuck_wallet_exposure_threshold": 0.034287494038260376,
           "backwards_tp": true,
           "ddown_factor": 1.0812971300113945,
           "ema_span_0": 102.29464162890473,
           "ema_span_1": 184.4889598358697,
           "enabled": false,
           "initial_eprice_ema_dist": 0.0007312715033144183,
           "initial_qty_pct": 0.01276846127983398,
           "markup_range": 0.006519165152557936,
           "min_markup": 0.001739539842322332,
           "n_close_orders": 11,
           "rentry_pprice_dist": 0.0041356311611533015,
           "rentry_pprice_dist_wallet_exposure_weighting": 3.9837102274552176,
           "wallet_exposure_limit": 1.7063069238180966}}