{"config_name": "recursive_grid_SHIB1000USDT_638days",
 "logging_level": 0,
 "long": {"auto_unstuck_ema_dist": -0.002,
          "auto_unstuck_wallet_exposure_threshold": 0.049727079778458756,
          "backwards_tp": true,
          "ddown_factor": 0.13156006049104524,
          "ema_span_0": 1261.9362607423684,
          "ema_span_1": 1042.2898784929077,
          "enabled": true,
          "initial_eprice_ema_dist": 0.0036802208996288073,
          "initial_qty_pct": 0.014450008933796676,
          "markup_range": 0.005538679104281824,
          "min_markup": 0.002549314239454609,
          "n_close_orders": 7,
          "rentry_pprice_dist": 0.007376399296324966,
          "rentry_pprice_dist_wallet_exposure_weighting": 6.692108110085645,
          "wallet_exposure_limit": 0.25},
 "short": {"auto_unstuck_ema_dist": 1.986047915099909e-05,
           "auto_unstuck_wallet_exposure_threshold": 0.026172319188570697,
           "backwards_tp": true,
           "ddown_factor": 1.2540874953548322,
           "ema_span_0": 734.4383041707897,
           "ema_span_1": 670.6545892082072,
           "enabled": false,
           "initial_eprice_ema_dist": -0.072483412228321,
           "initial_qty_pct": 0.07848760747068913,
           "markup_range": 0.03959928860208699,
           "min_markup": 0.007600954189280856,
           "n_close_orders": 7,
           "rentry_pprice_dist": 0.005688573513244396,
           "rentry_pprice_dist_wallet_exposure_weighting": 11.546046378575545,
           "wallet_exposure_limit": 1.0}}