{"config_name": "clock_XRPUSDT_617days",
 "long": {"backwards_tp": true,
          "delay_between_fills_minutes_close": 469.76323542545157,
          "delay_between_fills_minutes_entry": 479.8183588794944,
          "delay_weight_close": 12.573135998956435,
          "delay_weight_entry": 58.13299631694581,
          "ema_dist_close": 0.003,
          "ema_dist_entry": 0.003,
          "ema_span_0": 696.420300937943,
          "ema_span_1": 5.0,
          "enabled": true,
          "markup_range": 0.004486152121329214,
          "min_markup": 0.005732238310161937,
          "n_close_orders": 10,
          "qty_pct_close": 0.010002308496141976,
          "qty_pct_entry": 0.010035283665224666,
          "wallet_exposure_limit": 0.4,
          "we_multiplier_close": 0.0,
          "we_multiplier_entry": 38.34255155065177},
 "short": {"backwards_tp": true,
           "delay_between_fills_minutes_close": 1382.037009271783,
           "delay_between_fills_minutes_entry": 1429.3475423319073,
           "delay_weight_close": 76.7599658895232,
           "delay_weight_entry": 159.2764677056272,
           "ema_dist_close": -0.0214720602436476,
           "ema_dist_entry": -0.023784924714828366,
           "ema_span_0": 1398.09717463514,
           "ema_span_1": 412.67463846235006,
           "enabled": false,
           "markup_range": 0.017129563250620535,
           "min_markup": 0.004459647183420182,
           "n_close_orders": 15,
           "qty_pct_close": 0.02742200416589819,
           "qty_pct_entry": 0.016023759612380426,
           "wallet_exposure_limit": 1.0,
           "we_multiplier_close": 0.0,
           "we_multiplier_entry": 107.25494928722729}}