{
    "adg": 0.004060270857256027,
    "adg_long": 0.0038778983640835197,
    "adg_short": NaN,
    "adg_weighted": 0.008838073740668768,
    "adg_weighted_long": 0.00871569480667084,
    "adg_weighted_short": NaN,
    "drawdown_max": 0.3813424874496888,
    "drawdown_mean_daily": 0.031592048214326665,
    "drawdown_mean_daily_10_worst": 0.28639517758977967,
    "eqbal_ratio_mean": 0.9897795582669896,
    "eqbal_ratio_min": 0.6472858684615298,
    "final_balance": 5236.563988104783,
    "final_equity": 5260.676783809864,
    "individual_analyses": {
        "AGIXUSDT": {
            "loss_profit_ratio_long": 0.18509942374368338,
            "loss_profit_ratio_short": 1.0,
            "n_fills_per_day": 18.433915211970074,
            "pnl_long": 671.6429148371786,
            "pnl_ratio": 0.13048832510533673,
            "pnl_ratio_long_short": 1.0,
            "pnl_short": 0.0,
            "stuck_time_ratio_long": 0.017663255234038132,
            "stuck_time_ratio_short": 0.0,
            "sum_loss_long": -152.5593675108484,
            "sum_loss_short": 0.0,
            "sum_profit_long": 824.2022823480269,
            "sum_profit_short": 0.0,
            "upnl_pct_min_long": -0.07656193173148894,
            "upnl_pct_min_short": NaN
        },
        "FETUSDT": {
            "loss_profit_ratio_long": 0.2478576048944771,
            "loss_profit_ratio_short": 1.0,
            "n_fills_per_day": 16.112219451371573,
            "pnl_long": 1254.2689595416796,
            "pnl_ratio": 0.24368224862743293,
            "pnl_ratio_long_short": 1.0,
            "pnl_short": 0.0,
            "stuck_time_ratio_long": 0.011481115902124786,
            "stuck_time_ratio_short": 0.0,
            "sum_loss_long": -413.32612312309976,
            "sum_loss_short": 0.0,
            "sum_profit_long": 1667.5950826647793,
            "sum_profit_short": 0.0,
            "upnl_pct_min_long": -0.0555067841396079,
            "upnl_pct_min_short": NaN
        },
        "GRTUSDT": {
            "loss_profit_ratio_long": 0.2929164329019925,
            "loss_profit_ratio_short": 1.0,
            "n_fills_per_day": 12.266832917705736,
            "pnl_long": 516.6508651504602,
            "pnl_ratio": 0.10037611440306805,
            "pnl_ratio_long_short": 1.0,
            "pnl_short": 0.0,
            "stuck_time_ratio_long": 0.0018182762740921606,
            "stuck_time_ratio_short": 0.0,
            "sum_loss_long": -214.02778330248594,
            "sum_loss_short": 0.0,
            "sum_profit_long": 730.6786484529462,
            "sum_profit_short": 0.0,
            "upnl_pct_min_long": -0.06796713745831788,
            "upnl_pct_min_short": NaN
        },
        "INJUSDT": {
            "loss_profit_ratio_long": 0.25101461266483954,
            "loss_profit_ratio_short": 1.0,
            "n_fills_per_day": 11.099750623441397,
            "pnl_long": 910.115896154171,
            "pnl_ratio": 0.17681940256853648,
            "pnl_ratio_long_short": 1.0,
            "pnl_short": 0.0,
            "stuck_time_ratio_long": 0.07527663774741546,
            "stuck_time_ratio_short": 0.0,
            "sum_loss_long": -305.0158160843041,
            "sum_loss_short": 0.0,
            "sum_profit_long": 1215.131712238475,
            "sum_profit_short": 0.0,
            "upnl_pct_min_long": -0.14729384345466628,
            "upnl_pct_min_short": NaN
        },
        "LDOUSDT": {
            "loss_profit_ratio_long": 0.3895480550893089,
            "loss_profit_ratio_short": 1.0,
            "n_fills_per_day": 15.17206982543641,
            "pnl_long": 601.8020051542443,
            "pnl_ratio": 0.11691947307543257,
            "pnl_ratio_long_short": 1.0,
            "pnl_short": 0.0,
            "stuck_time_ratio_long": 0.016208634214764404,
            "stuck_time_ratio_short": 0.0,
            "sum_loss_long": -384.0282639954227,
            "sum_loss_short": 0.0,
            "sum_profit_long": 985.8302691496671,
            "sum_profit_short": 0.0,
            "upnl_pct_min_long": -0.12553482275028305,
            "upnl_pct_min_short": NaN
        },
        "OPUSDT": {
            "loss_profit_ratio_long": 0.3275658020337815,
            "loss_profit_ratio_short": 1.0,
            "n_fills_per_day": 8.765586034912719,
            "pnl_long": 358.6040983550044,
            "pnl_ratio": 0.06967042625856895,
            "pnl_ratio_long_short": 1.0,
            "pnl_short": 0.0,
            "stuck_time_ratio_long": 0.00041560600550677955,
            "stuck_time_ratio_short": 0.0,
            "sum_loss_long": -174.68837760711165,
            "sum_loss_short": 0.0,
            "sum_profit_long": 533.292475962116,
            "sum_profit_short": 0.0,
            "upnl_pct_min_long": -0.07059974632461191,
            "upnl_pct_min_short": NaN
        },
        "RNDRUSDT": {
            "loss_profit_ratio_long": 0.219612246159971,
            "loss_profit_ratio_short": 1.0,
            "n_fills_per_day": 14.211970074812967,
            "pnl_long": 464.75854469648584,
            "pnl_ratio": 0.09029435543221664,
            "pnl_ratio_long_short": 1.0,
            "pnl_short": 0.0,
            "stuck_time_ratio_long": 0.0009870642630786014,
            "stuck_time_ratio_short": 0.0,
            "sum_loss_long": -130.78968425708675,
            "sum_loss_short": 0.0,
            "sum_profit_long": 595.5482289535726,
            "sum_profit_short": 0.0,
            "upnl_pct_min_long": -0.10014284884275085,
            "upnl_pct_min_short": NaN
        },
        "SHIB1000USDT": {
            "loss_profit_ratio_long": 0.11735078428987077,
            "loss_profit_ratio_short": 1.0,
            "n_fills_per_day": 12.701995012468828,
            "pnl_long": 369.3061970700478,
            "pnl_ratio": 0.07174965452940768,
            "pnl_ratio_long_short": 1.0,
            "pnl_short": 0.0,
            "stuck_time_ratio_long": 0.0,
            "stuck_time_ratio_short": 0.0,
            "sum_loss_long": -49.1003346492662,
            "sum_loss_short": 0.0,
            "sum_profit_long": 418.4065317193141,
            "sum_profit_short": 0.0,
            "upnl_pct_min_long": -0.06897335568448762,
            "upnl_pct_min_short": NaN
        }
    },
    "loss_profit_ratio_long": 0.2616006446958915,
    "loss_profit_ratio_short": 1.0,
    "n_days": 802.0,
    "n_fills_per_day": 108.7643391521197,
    "pnl_long": 5147.149480959271,
    "pnl_ratio_long_short": 1.0,
    "pnl_short": 0.0,
    "pnl_sum": 5147.149480959271,
    "shape_ratio_daily": 0.17803083609004272,
    "starting_balance": 250.0,
    "stuck_time_ratio_any": 0.0964725440282612,
    "stuck_time_ratio_long": 0.0964725440282612,
    "stuck_time_ratio_short": 0.0,
    "sum_loss_long": -1823.5357505296254,
    "sum_loss_short": 0.0,
    "sum_profit_long": 6970.685231488897,
    "sum_profit_short": 0.0
}