{
    "adg": 0.004565449464201364,
    "adg_long": 0.004309088820211566,
    "adg_short": NaN,
    "adg_weighted": 0.009513570857666256,
    "adg_weighted_long": 0.009351921076814488,
    "adg_weighted_short": NaN,
    "drawdown_max": 0.410643476382822,
    "drawdown_mean_daily": 0.03529295301488345,
    "drawdown_mean_daily_10_worst": 0.299539796837876,
    "eqbal_ratio_mean": 0.9870262440863458,
    "eqbal_ratio_min": 0.6350228780809823,
    "final_balance": 7385.836912855434,
    "final_equity": 7416.651581497239,
    "individual_analyses": {
        "AGIXUSDT": {
            "loss_profit_ratio_long": 0.154279851435484,
            "loss_profit_ratio_short": 1.0,
            "n_fills_per_day": 18.22443890274314,
            "pnl_long": 1064.6270320837252,
            "pnl_ratio": 0.14505127484612537,
            "pnl_ratio_long_short": 1.0,
            "pnl_short": 0.0,
            "stuck_time_ratio_long": 0.014390357940672243,
            "stuck_time_ratio_short": 0.0,
            "sum_loss_long": -194.21377227782514,
            "sum_loss_short": 0.0,
            "sum_profit_long": 1258.8408043615502,
            "sum_profit_short": 0.0,
            "upnl_pct_min_long": -0.055897655124695494,
            "upnl_pct_min_short": NaN
        },
        "FETUSDT": {
            "loss_profit_ratio_long": 0.2519831098940148,
            "loss_profit_ratio_short": 1.0,
            "n_fills_per_day": 15.61720698254364,
            "pnl_long": 1738.0701875789273,
            "pnl_ratio": 0.23680527441326615,
            "pnl_ratio_long_short": 1.0,
            "pnl_short": 0.0,
            "stuck_time_ratio_long": 0.018442516494363344,
            "stuck_time_ratio_short": 0.0,
            "sum_loss_long": -585.5005907930199,
            "sum_loss_short": 0.0,
            "sum_profit_long": 2323.570778371947,
            "sum_profit_short": 0.0,
            "upnl_pct_min_long": -0.05972946137382062,
            "upnl_pct_min_short": NaN
        },
        "GRTUSDT": {
            "loss_profit_ratio_long": 0.30618455843439357,
            "loss_profit_ratio_short": 1.0,
            "n_fills_per_day": 12.188279301745636,
            "pnl_long": 687.7912844668748,
            "pnl_ratio": 0.09370887609786754,
            "pnl_ratio_long_short": 1.0,
            "pnl_short": 0.0,
            "stuck_time_ratio_long": 0.001506571769962076,
            "stuck_time_ratio_short": 0.0,
            "sum_loss_long": -303.5260648772995,
            "sum_loss_short": 0.0,
            "sum_profit_long": 991.3173493441744,
            "sum_profit_short": 0.0,
            "upnl_pct_min_long": -0.056724112735671024,
            "upnl_pct_min_short": NaN
        },
        "INJUSDT": {
            "loss_profit_ratio_long": 0.24955446106989665,
            "loss_profit_ratio_short": 1.0,
            "n_fills_per_day": 10.67705735660848,
            "pnl_long": 1237.0193161662105,
            "pnl_ratio": 0.16853905021367152,
            "pnl_ratio_long_short": 1.0,
            "pnl_short": 0.0,
            "stuck_time_ratio_long": 0.08151072783001714,
            "stuck_time_ratio_short": 0.0,
            "sum_loss_long": -411.36054885345055,
            "sum_loss_short": 0.0,
            "sum_profit_long": 1648.3798650196613,
            "sum_profit_short": 0.0,
            "upnl_pct_min_long": -0.14740439458279173,
            "upnl_pct_min_short": NaN
        },
        "LDOUSDT": {
            "loss_profit_ratio_long": 0.36869635544129375,
            "loss_profit_ratio_short": 1.0,
            "n_fills_per_day": 14.781795511221945,
            "pnl_long": 901.6759664910653,
            "pnl_ratio": 0.12284982862181881,
            "pnl_ratio_long_short": 1.0,
            "pnl_short": 0.0,
            "stuck_time_ratio_long": 0.029456075640293,
            "stuck_time_ratio_short": 0.0,
            "sum_loss_long": -526.6002271642948,
            "sum_loss_short": 0.0,
            "sum_profit_long": 1428.2761936553602,
            "sum_profit_short": 0.0,
            "upnl_pct_min_long": -0.12976527144182837,
            "upnl_pct_min_short": NaN
        },
        "OPUSDT": {
            "loss_profit_ratio_long": 0.29194796869046585,
            "loss_profit_ratio_short": 1.0,
            "n_fills_per_day": 8.123441396508728,
            "pnl_long": 527.7185269123295,
            "pnl_ratio": 0.07189958810150981,
            "pnl_ratio_long_short": 1.0,
            "pnl_short": 0.0,
            "stuck_time_ratio_long": 0.0005195075068834744,
            "stuck_time_ratio_short": 0.0,
            "sum_loss_long": -217.59185082406384,
            "sum_loss_short": 0.0,
            "sum_profit_long": 745.3103777363933,
            "sum_profit_short": 0.0,
            "upnl_pct_min_long": -0.06664034532309923,
            "upnl_pct_min_short": NaN
        },
        "RNDRUSDT": {
            "loss_profit_ratio_long": 0.161038436215934,
            "loss_profit_ratio_short": 1.0,
            "n_fills_per_day": 13.721945137157107,
            "pnl_long": 688.7111037756979,
            "pnl_ratio": 0.09383419788601689,
            "pnl_ratio_long_short": 1.0,
            "pnl_short": 0.0,
            "stuck_time_ratio_long": 0.0005195075068834744,
            "stuck_time_ratio_short": 0.0,
            "sum_loss_long": -132.1979026742806,
            "sum_loss_short": 0.0,
            "sum_profit_long": 820.9090064499785,
            "sum_profit_short": 0.0,
            "upnl_pct_min_long": -0.08352081287756083,
            "upnl_pct_min_short": NaN
        },
        "SHIB1000USDT": {
            "loss_profit_ratio_long": 0.07144744812568989,
            "loss_profit_ratio_short": 1.0,
            "n_fills_per_day": 11.943890274314214,
            "pnl_long": 494.0465283830239,
            "pnl_ratio": 0.06731190981972396,
            "pnl_ratio_long_short": 1.0,
            "pnl_short": 0.0,
            "stuck_time_ratio_long": 0.0007273105096368643,
            "stuck_time_ratio_short": 0.0,
            "sum_loss_long": -38.014395240282866,
            "sum_loss_short": 0.0,
            "sum_profit_long": 532.0609236233068,
            "sum_profit_short": 0.0,
            "upnl_pct_min_long": -0.0791664865417646,
            "upnl_pct_min_short": NaN
        }
    },
    "loss_profit_ratio_long": 0.24711129974477344,
    "loss_profit_ratio_short": 1.0,
    "n_days": 802.0,
    "n_fills_per_day": 105.2780548628429,
    "pnl_long": 7339.659945857854,
    "pnl_ratio_long_short": 1.0,
    "pnl_short": 0.0,
    "pnl_sum": 7339.659945857854,
    "shape_ratio_daily": 0.17575567316264543,
    "starting_balance": 250.0,
    "stuck_time_ratio_any": 0.1047846641383968,
    "stuck_time_ratio_long": 0.1047846641383968,
    "stuck_time_ratio_short": 0.0,
    "sum_loss_long": -2409.0053527045175,
    "sum_loss_short": 0.0,
    "sum_profit_long": 9748.665298562371,
    "sum_profit_short": 0.0
}