{
    "adg": 0.0017448723556068382,
    "adg_long": 0.0017360322166343825,
    "adg_short": NaN,
    "adg_weighted": 0.002728576390635415,
    "adg_weighted_long": 0.002698289866901924,
    "adg_weighted_short": NaN,
    "drawdown_max": 0.24566276668938816,
    "drawdown_mean_daily": 0.01562890658193144,
    "drawdown_mean_daily_10_worst": 0.16133629751972436,
    "eqbal_ratio_mean": 0.9905582457102523,
    "eqbal_ratio_min": 0.8349978730349049,
    "final_balance": 3774.9148886542453,
    "final_equity": 3774.813920654245,
    "individual_analyses": {
        "AGIXUSDT": {
            "loss_profit_ratio_long": 0.03780131016817536,
            "loss_profit_ratio_short": 1.0,
            "n_fills_per_day": 5.708176100628931,
            "pnl_long": 415.68896943293953,
            "pnl_ratio": 0.140570576752673,
            "pnl_ratio_long_short": 1.0,
            "pnl_short": 0.0,
            "stuck_time_ratio_long": 0.0025155914260258897,
            "stuck_time_ratio_short": 0.0,
            "sum_loss_long": -16.33091775438831,
            "sum_loss_short": 0.0,
            "sum_profit_long": 432.01988718732787,
            "sum_profit_short": 0.0,
            "upnl_pct_min_long": -0.05287630158521233,
            "upnl_pct_min_short": NaN
        },
        "FETUSDT": {
            "loss_profit_ratio_long": 0.021728516736126094,
            "loss_profit_ratio_short": 1.0,
            "n_fills_per_day": 5.922012578616352,
            "pnl_long": 290.450250000001,
            "pnl_ratio": 0.0982194914052076,
            "pnl_ratio_long_short": 1.0,
            "pnl_short": 0.0,
            "stuck_time_ratio_long": 0.0006813060112153451,
            "stuck_time_ratio_short": 0.0,
            "sum_loss_long": -6.4512287499999825,
            "sum_loss_short": 0.0,
            "sum_profit_long": 296.901478750001,
            "sum_profit_short": 0.0,
            "upnl_pct_min_long": -0.025022802574851673,
            "upnl_pct_min_short": NaN
        },
        "GRTUSDT": {
            "loss_profit_ratio_long": 0.03810372085377793,
            "loss_profit_ratio_short": 1.0,
            "n_fills_per_day": 10.212578616352202,
            "pnl_long": 467.3741284855298,
            "pnl_ratio": 0.15804857870082992,
            "pnl_ratio_long_short": 1.0,
            "pnl_short": 0.0,
            "stuck_time_ratio_long": 0.002620407735443635,
            "stuck_time_ratio_short": 0.0,
            "sum_loss_long": -18.514151382202396,
            "sum_loss_short": 0.0,
            "sum_profit_long": 485.8882798677322,
            "sum_profit_short": 0.0,
            "upnl_pct_min_long": -0.048761020157098586,
            "upnl_pct_min_short": NaN
        },
        "LDOUSDT": {
            "loss_profit_ratio_long": 0.11962851779329026,
            "loss_profit_ratio_short": 1.0,
            "n_fills_per_day": 8.09433962264151,
            "pnl_long": 335.6661691015528,
            "pnl_ratio": 0.11350983657644918,
            "pnl_ratio_long_short": 1.0,
            "pnl_short": 0.0,
            "stuck_time_ratio_long": 0.003458938210785598,
            "stuck_time_ratio_short": 0.0,
            "sum_loss_long": -45.611707210595775,
            "sum_loss_short": 0.0,
            "sum_profit_long": 381.27787631214846,
            "sum_profit_short": 0.0,
            "upnl_pct_min_long": -0.06332423908841545,
            "upnl_pct_min_short": NaN
        },
        "NEARUSDT": {
            "loss_profit_ratio_long": 0.21806433712192114,
            "loss_profit_ratio_short": 1.0,
            "n_fills_per_day": 8.39622641509434,
            "pnl_long": 254.60326219643238,
            "pnl_ratio": 0.08609737097158711,
            "pnl_ratio_long_short": 1.0,
            "pnl_short": 0.0,
            "stuck_time_ratio_long": 0.00445469315025418,
            "stuck_time_ratio_short": 0.0,
            "sum_loss_long": -71.00314544497313,
            "sum_loss_short": 0.0,
            "sum_profit_long": 325.6064076414055,
            "sum_profit_short": 0.0,
            "upnl_pct_min_long": -0.06416338203513026,
            "upnl_pct_min_short": NaN
        },
        "OPUSDT": {
            "loss_profit_ratio_long": 0.10498687538712688,
            "loss_profit_ratio_short": 1.0,
            "n_fills_per_day": 10.81132075471698,
            "pnl_long": 370.4990488367032,
            "pnl_ratio": 0.12528902331071856,
            "pnl_ratio_long_short": 1.0,
            "pnl_short": 0.0,
            "stuck_time_ratio_long": 0.003825795293747707,
            "stuck_time_ratio_short": 0.0,
            "sum_loss_long": -43.46029840410736,
            "sum_loss_short": 0.0,
            "sum_profit_long": 413.95934724081053,
            "sum_profit_short": 0.0,
            "upnl_pct_min_long": -0.05951672115465801,
            "upnl_pct_min_short": NaN
        },
        "RNDRUSDT": {
            "loss_profit_ratio_long": 0.042401990089653376,
            "loss_profit_ratio_short": 1.0,
            "n_fills_per_day": 14.582389937106917,
            "pnl_long": 521.6186411022059,
            "pnl_ratio": 0.17639205900677998,
            "pnl_ratio_long_short": 1.0,
            "pnl_short": 0.0,
            "stuck_time_ratio_long": 0.0032493055919501075,
            "stuck_time_ratio_short": 0.0,
            "sum_loss_long": -23.097028420793094,
            "sum_loss_short": 0.0,
            "sum_profit_long": 544.7156695229987,
            "sum_profit_short": 0.0,
            "upnl_pct_min_long": -0.05019994964422187,
            "upnl_pct_min_short": NaN
        },
        "SHIB1000USDT": {
            "loss_profit_ratio_long": 0.04499003844608166,
            "loss_profit_ratio_short": 1.0,
            "n_fills_per_day": 8.618867924528303,
            "pnl_long": 301.2544279489117,
            "pnl_ratio": 0.10187306327575467,
            "pnl_ratio_long_short": 1.0,
            "pnl_short": 0.0,
            "stuck_time_ratio_long": 0.003511346365494471,
            "stuck_time_ratio_short": 0.0,
            "sum_loss_long": -14.191944420580441,
            "sum_loss_short": 0.0,
            "sum_profit_long": 315.4463723694921,
            "sum_profit_short": 0.0,
            "upnl_pct_min_long": -0.050459201294071734,
            "upnl_pct_min_short": NaN
        }
    },
    "loss_profit_ratio_long": 0.07467904054931156,
    "loss_profit_ratio_short": 1.0,
    "n_days": 795.0,
    "n_fills_per_day": 72.34591194968553,
    "pnl_long": 2957.154897104276,
    "pnl_ratio_long_short": 1.0,
    "pnl_short": 0.0,
    "pnl_sum": 2957.154897104276,
    "shape_ratio_daily": 0.1431005847121051,
    "starting_balance": 1000.0,
    "stuck_time_ratio_any": 0.017189874744510246,
    "stuck_time_ratio_long": 0.017189874744510246,
    "stuck_time_ratio_short": 0.0,
    "sum_loss_long": -238.66042178764047,
    "sum_loss_short": 0.0,
    "sum_profit_long": 3195.8153188919164,
    "sum_profit_short": 0.0
}